term,df,sumsq,meansq,statistic,p.value
genre_group,3,928.0350172304024,309.3450057434675,285.98403764491746,4.171567548986156e-176
Residuals,7779,8414.437461248286,1.081686265747305,NA,NA
