term,df,sumsq,meansq,statistic,p.value
factor(num_genres),3,57.01001804318654,19.003339347728847,15.920260021066149,2.5680068017848413e-10
Residuals,7779,9285.462460435556,1.1936575987190585,NA,NA
