term,df,sumsq,meansq,statistic,p.value
genre_group,3,6621.752947791373,2207.250982597124,1756.7683393966577,0
Residuals,33497,42086.53156252147,1.2564268908416119,NA,NA
