term,df,sumsq,meansq,statistic,p.value
factor(votes_quartile),3,1894.1615023509144,631.3871674503048,451.7776813737334,8.932790477688621e-288
Residuals,33497,46814.12300796431,1.397561662476171,NA,NA
