term,df,sumsq,meansq,statistic,p.value
factor(num_genres),3,409.84643212711455,136.61547737570484,94.7485845866408,4.631384460172053e-61
Residuals,33497,48298.43807818965,1.44187354324834,NA,NA
